label,text
spam,"Congratulations! You have won a $1000 gift card. Click here to claim your prize now"
ham,"Hi team, just a reminder that our project standup is at 10am tomorrow"
spam,"URGENT: Your bank account will be suspended. Verify your details immediately at http://bit.ly/verify123"
ham,"Can you review sections 2 and 3 of the report before Friday? Thanks!"
spam,"Work from home and earn $3000 per week. No experience needed. Reply START to join"
ham,"Running 10 minutes late for the meeting, please start without me"
spam,"You have been selected for a free vacation to Bali! Call 1-800-555 now to claim"
ham,"Movie night still on tonight? Let me know what time to meet up"
spam,"Cheap medications online, no prescription needed, discreet shipping, order now"
ham,"Thanks for your help with the lab setup today, really appreciate it"
